{
    "Berlin": {
        "population": 3755251,
        "connectivity": 4,
        "neighbors": {
            "Frankfurt": 594,
            "Warsaw": 729,
            "Hamburg": 357,
            "Prague": 394,
            "Geneva": 1228
        }
    },
    "Barcelona": {
        "population": 1620343,
        "connectivity": 1,
        "neighbors": {
            "Paris": 1173,
            "Dunkirk": 1500
        },
        "bw_overrides": {
            "Dunkirk": 75
        }
    },
    "Paris": {
        "population": 2102650,
        "connectivity": 4,
        "neighbors": {
            "Barcelona": 1173,
            "Dunkirk": 342,
            "Geneva": 578,
            "Frankfurt": 670
        }
    },
    "Frankfurt": {
        "population": 773068,
        "connectivity": 3,
        "neighbors": {
            "Paris": 670,
            "Vienna": 844,
            "Berlin": 594,
            "Hamburg": 550,
            "Prague": 572
        }
    },
    "Vienna": {
        "population": 1970000,
        "connectivity": 1,
        "neighbors": {
            "Frankfurt": 844,
            "Geneva": 1142
        }
    },
    "Dunkirk": {
        "population": 86550,
        "connectivity": 1,
        "neighbors": {
            "Paris": 342,
            "Hamburg": 823,
            "Barcelona": 1500
        },
        "bw_overrides": {
            "Hamburg": 200,
            "Barcelona": 75
        }
    },
    "Geneva": {
        "population": 201818,
        "connectivity": 1,
        "neighbors": {
            "Paris": 578,
            "Vienna": 1142,
            "Berlin": 1228
        }
    },
    "Hamburg": {
        "population": 1841179,
        "connectivity": 1,
        "neighbors": {
            "Berlin": 357,
            "Frankfurt": 550,
            "Dunkirk": 823,
            "Warsaw": 1053
        },
        "bw_overrides": {
            "Warsaw": 300,
            "Dunkirk": 200
        }
    },
    "Warsaw": {
        "population": 1760658,
        "connectivity": 1,
        "neighbors": {
            "Berlin": 729,
            "Hamburg": 1053,
            "Prague": 724
        },
        "bw_overrides": {
            "Hamburg": 300
        }
    },
    "Prague": {
        "population": 1301132,
        "connectivity": 1,
        "neighbors": {
            "Berlin": 394,
            "Frankfurt": 572,
            "Warsaw": 724
        }
    }
}