{"$defs": {"Priorities": {"description": "Priorities for a stream.", "properties": {"delay": {"anyOf": [{"type": "number"}, {"type": "null"}], "default": 1.0, "title": "Delay"}, "jitter": {"anyOf": [{"type": "number"}, {"type": "null"}], "default": null, "title": "Jitter"}, "bandwidth": {"anyOf": [{"type": "number"}, {"type": "null"}], "default": 1.0, "title": "Bandwidth"}, "loss": {"anyOf": [{"type": "number"}, {"type": "null"}], "default": null, "title": "Loss"}, "congestion": {"anyOf": [{"type": "number"}, {"type": "null"}], "default": null, "title": "Congestion"}}, "title": "Priorities", "type": "object"}, "Requirements": {"description": "Requirements for a stream.", "properties": {"delay": {"anyOf": [{"type": "number"}, {"type": "null"}], "default": null, "title": "Delay"}, "jitter": {"anyOf": [{"type": "number"}, {"type": "null"}], "default": null, "title": "Jitter"}, "bandwidth": {"anyOf": [{"type": "number"}, {"type": "null"}], "default": null, "title": "Bandwidth"}, "loss": {"anyOf": [{"type": "number"}, {"type": "null"}], "default": null, "title": "Loss"}}, "title": "Requirements", "type": "object"}, "Stream": {"description": "Definition of a stream for the app to handle.", "properties": {"src": {"title": "Src", "type": "string"}, "dst": {"title": "Dst", "type": "string"}, "type": {"$ref": "#/$defs/StreamType"}, "size": {"title": "Size", "anyOf": [{"type": "number"}, {"type": "null"}]}, "rate": {"title": "Rate", "type": "integer"}, "requirements": {"anyOf": [{"$ref": "#/$defs/Requirements"}, {"type": "null"}]}, "priorities": {"anyOf": [{"$ref": "#/$defs/Priorities"}, {"type": "null"}]}}, "required": ["src", "dst", "type", "rate", "requirements", "priorities"], "title": "Stream", "type": "object"}, "StreamType": {"description": "Enum for variants of cost estimation for links.", "enum": ["UDP", "TCP"], "title": "StreamType", "type": "string"}}, "description": "Definition of a list of streams for the app to handle.", "properties": {"streams": {"items": {"$ref": "#/$defs/Stream"}, "title": "Streams", "type": "array"}}, "required": ["streams"], "title": "Streams", "type": "object"}