{
    "streams": [
        {
            "src": "Barcelona",
            "dst": "Hamburg",
            "rate": 50,
            "type": "TCP",
            "priorities": {
                "bandwidth": 10,
                "congestion": 1,
                "delay": 1,
                "jitter": 1,
                "loss": 1
            },
            "requirements": {
                "loss": 0.1,
                "delay": 100,
                "jitter": 100
            }
        },
        {
            "src": "Warsaw",
            "dst": "Hamburg",
            "rate": 250,
            "type": "TCP",
            "priorities": {
                "bandwidth": 10,
                "congestion": 1,
                "delay": 1,
                "jitter": 1,
                "loss": 1
            },
            "requirements": {
                "loss": 0.1,
                "delay": 100,
                "jitter": 100
            }
        },
        {
            "src": "Berlin",
            "dst": "Hamburg",
            "rate": 300,
            "type": "TCP",
            "priorities": {
                "bandwidth": 10,
                "congestion": 1,
                "delay": 1,
                "jitter": 1,
                "loss": 1
            },
            "requirements": {
                "loss": 0.1,
                "delay": 100,
                "jitter": 100
            }
        }
    ],
    "$schema": "./streams-schema.json"
}


