{
    "streams": [
        {
            "src": "Warsaw",
            "dst": "Hamburg",
            "rate": 250,
            "type": "UDP",
            "priorities": {
                "bandwidth": 10,
                "congestion": 10,
                "delay": 1,
                "jitter": 1,
                "loss": 1
            },
            "requirements": {
                "loss": 0.03,
                "delay": 100,
                "jitter": 100,
                "bandwidth": 250
            }
        },
        {
            "src": "Berlin",
            "dst": "Hamburg",
            "rate": 300,
            "type": "UDP",
            "priorities": {
                "bandwidth": 10,
                "congestion": 10,
                "delay": 1,
                "jitter": 1,
                "loss": 10
            },
            "requirements": {
                "loss": 0.02,
                "delay": 100,
                "jitter": 100,
                "bandwidth": 300
            }
        },
        {
            "src": "Barcelona",
            "dst": "Hamburg",
            "rate": 50,
            "type": "UDP",
            "priorities": {
                "bandwidth": 10,
                "congestion": 10,
                "delay": 1,
                "jitter": 1,
                "loss": 100
            },
            "requirements": {
                "loss": 0.02,
                "delay": 100,
                "jitter": 100,
                "bandwidth": 50
            }
        }
    ],
    "$schema": "./streams-schema.json"
}


